{"accuracy": 0.9259259259259259, "recall": 0.9259259259259259, "precision": 0.9428571428571428, "f1": 0.9242636746143058}