{"accuracy": 0.9305555555555556, "recall": 0.9283333333333333, "precision": 0.9519736842105264, "f1": 0.9337944664031621}