{"accuracy": 0.9444444444444444, "recall": 0.9444444444444444, "precision": 0.9545454545454546, "f1": 0.94375}