{"accuracy": 0.9583333333333334, "recall": 0.9579629629629629, "precision": 0.9659191583610187, "f1": 0.9596519611783098}