{"accuracy": 0.9791666666666666, "recall": 0.9788969404186796, "precision": 0.9807142857142856, "f1": 0.9796464646464645}