{"accuracy": 0.9722222222222222, "recall": 0.9722222222222222, "precision": 0.9721967846967847, "f1": 0.9720443427990598}